"","countrycode","sptemp","cdd","cddeq","clim.max"
"1","AFG","18",725,725,0.755391542721507
"2","AGO","18",1203,1203,0.899937118975984
"3","ALB","18",309,309,0.467502182698996
"4","ARE","18",3052,3052,0.996847585085605
"5","ARG","18",748,748,0.765689115786765
"6","ARM","18",160,160,0.296400854348226
"7","AUS","18",563,563,0.668840941705331
"8","AUT","18",113,113,0.231762601040968
"9","AZE","18",640,640,0.713250561283772
"10","BDI","18",721,721,0.75355501139679
"11","BEL","18",86,86,0.191978393719348
"12","BEN","18",3470,3470,0.998557310905847
"13","BFA","18",3658,3658,0.998984938909254
"14","BGD","18",2625,2625,0.992994757490962
"15","BGR","18",217,217,0.367538848216701
"16","BHS","18",2401,2401,0.98935022464389
"17","BIH","18",133,133,0.259964025940947
"18","BLR","18",84,84,0.188950734718666
"19","BLZ","18",2547,2547,0.99189469489432
"20","BOL","18",1461,1461,0.938234880322714
"21","BRA","18",1665,1665,0.957823685377259
"22","BRN","18",3006,3006,0.996564409565728
"23","BTN","18",1032,1032,0.862232318573345
"24","BWA","18",1512,1512,0.943853250012499
"25","CAF","18",2308,2308,0.987327316155597
"26","CAN","18",137,137,0.265478843894763
"27","CHE","18",66,66,0.161186160036305
"28","CHL","18",48,48,0.132471123230013
"29","CHN","18",879,879,0.816598305598534
"30","CIV","18",2936,2936,0.996083929221805
"31","CMR","18",2239,2239,0.985581980209443
"32","COD","18",1921,1921,0.973868570151388
"33","COG","18",2448,2448,0.990246279532739
"34","COL","18",1491,1491,0.941604501953964
"35","COM","18",2018,2018,0.978203513248711
"36","CRI","18",1871,1871,0.971307412945754
"37","CYP","18",1107,1107,0.880260470204559
"38","CZE","18",91,91,0.199498185926331
"39","DEU","18",103,103,0.217261398006742
"40","DJI","18",3302,3302,0.998024801699538
"41","DNK","18",24,24,0.0926495142147562
"42","DOM","18",2073,2073,0.980333851673514
"43","DZA","18",900,900,0.823660908333633
"44","ECU","18",2086,2086,0.980806171432087
"45","EGY","18",1428,1428,0.934303293253517
"46","ESP","18",448,448,0.589387971697118
"47","EST","18",31,31,0.104449333765485
"48","ETH","18",704,704,0.745594665902656
"49","FIN","18",23,23,0.0909511813600269
"50","FJI","18",2001,2001,0.977499471482303
"51","FRA","18",167,167,0.305550949140486
"52","GAB","18",2600,2600,0.99265948650512
"53","GBR","18",21,21,0.0875449731393296
"54","GEO","18",226,226,0.37809409782999
"55","GHA","18",3261,3261,0.997867406598237
"56","GIN","18",2609,2609,0.992781993558731
"57","GMB","18",3115,3115,0.997197928966452
"58","GNB","18",3065,3065,0.996923296293849
"59","GNQ","18",2097,2097,0.981196955492558
"60","GRC","18",508,508,0.63296808775881
"61","GTM","18",1053,1053,0.867537604365974
"62","GUY","18",2963,2963,0.996276743090289
"63","HKG","18",1907,1907,0.973175415513533
"64","HND","18",1696,1696,0.96019912891495
"65","HRV","18",244,244,0.398679062030089
"66","HTI","18",2361,2361,0.988523071548412
"67","HUN","18",225,225,0.376930045743446
"68","IDN","18",3012,3012,0.996602741446422
"69","IND","18",2761,2761,0.994567829387144
"70","IRL","18",4,4,0.0580720376057742
"71","IRN","18",1014,1014,0.857516130243578
"72","IRQ","18",2278,2278,0.98659605859231
"73","ISR","18",984,984,0.849294319561238
"74","ITA","18",363,363,0.518648006058392
"75","JAM","18",2264,2264,0.986240509576963
"76","JOR","18",990,990,0.8509757866258
"77","JPN","18",550,550,0.660691813671306
"78","KAZ","18",416,416,0.56406689677364
"79","KEN","18",1016,1016,0.858048024653926
"80","KGZ","18",135,135,0.262726591266631
"81","KHM","18",3300,3300,0.998017400626515
"82","KOR","18",538,538,0.652991665423823
"83","KWT","18",3008,3008,0.996577234676046
"84","LAO","18",2136,2136,0.98251945062324
"85","LBN","18",522,522,0.64245229327704
"86","LBR","18",2624,2624,0.992981645431515
"87","LKA","18",2848,2848,0.995383444803045
"88","LSO","18",121,121,0.243169893237042
"89","LTU","18",58,58,0.1485431712267
"90","LUX","18",97,97,0.208429617253721
"91","LVA","18",42,42,0.122682638521278
"92","MAR","18",707,707,0.747017883967634
"93","MDA","18",251,251,0.406499059562773
"94","MDG","18",1046,1046,0.865792273337066
"95","MDV","18",3518,3518,0.998681164963774
"96","MEX","18",968,968,0.844717071430532
"97","MKD","18",138,138,0.266851114983321
"98","MLI","18",3702,3702,0.999065114485327
"99","MMR","18",2719,2719,0.994123985073188
"100","MNE","18",98,98,0.209908470710524
"101","MNG","18",61,61,0.153306470489108
"102","MOZ","18",1981,1981,0.976642017267312
"103","MRT","18",3732,3732,0.999116117550964
"104","MUS","18",1798,1798,0.967110653241242
"105","MWI","18",1456,1456,0.937654668188966
"106","MYS","18",2686,2686,0.993749954156947
"107","NAM","18",1362,1362,0.925673407218566
"108","NER","18",3719,3719,0.999094367062599
"109","NGA","18",3087,3087,0.997047303565056
"110","NIC","18",2430,2430,0.989912381319725
"111","NLD","18",61,61,0.153306470489108
"112","NOR","18",14,14,0.0755224209029698
"113","NPL","18",1442,1442,0.936000914217454
"114","NZL","18",59,59,0.150133907694355
"115","OMN","18",2536,2536,0.991726242171714
"116","PAK","18",2436,2436,0.990024931812323
"117","PAN","18",2499,2499,0.991133511804322
"118","PER","18",971,971,0.845585769682897
"119","PHL","18",2715,2715,0.994079867688214
"120","PNG","18",2092,2092,0.981020322554233
"121","POL","18",96,96,0.20694799575364
"122","PRI","18",2233,2233,0.985419299092964
"123","PRT","18",346,346,0.503099999999179
"124","PRY","18",1659,1659,0.957347802416115
"125","PSE","18",959,959,0.842081543988175
"126","QAT","18",3226,3226,0.997723159358173
"127","ROU","18",209,209,0.35800610223238
"128","RUS","18",170,170,0.309435900837338
"129","RWA","18",337,337,0.494666403349667
"130","SAU","18",2584,2584,0.992436539688683
"131","SDN","18",3683,3683,0.999031300861019
"132","SEN","18",3053,3053,0.99685347459309
"133","SLB","18",2647,2647,0.993277105448601
"134","SLE","18",2926,2926,0.996010009704833
"135","SLV","18",2258,2258,0.986085258766054
"136","SRB","18",216,216,0.366355039346544
"137","SSD","18",3577,3577,0.998818932372357
"138","SUR","18",3138,3138,0.997315891082411
"139","SVK","18",99,99,0.211384561295454
"140","SVN","18",114,114,0.233197862589226
"141","SWE","18",23,23,0.0909511813600269
"142","SWZ","18",996,996,0.852638493073767
"143","TCD","18",3424,3424,0.998427716850067
"144","TGO","18",3244,3244,0.997798522339836
"145","THA","18",3116,3116,0.997203163943056
"146","TJK","18",603,603,0.692707888451546
"147","TKM","18",1207,1207,0.900682797013438
"148","TLS","18",2459,2459,0.990444864118165
"149","TTO","18",2949,2949,0.996177981070383
"150","TUN","18",1116,1116,0.882258823181663
"151","TUR","18",403,403,0.553339499821991
"152","TZA","18",1469,1469,0.939152009283942
"153","UGA","18",1475,1475,0.939830907995895
"154","UKR","18",212,212,0.361597604415894
"155","URY","18",570,570,0.673147565431977
"156","USA","18",710,710,0.748433140133275
"157","UZB","18",906,906,0.825628374815111
"158","VCT","18",3307,3307,0.998043183733721
"159","VNM","18",2641,2641,0.99320124981742
"160","VUT","18",2036,2036,0.978924972713716
"161","WSM","18",3205,3205,0.997631969022597
"162","YEM","18",1286,1286,0.914322624126548
"163","ZAF","18",678,678,0.732919850536579
"164","ZMB","18",1333,1333,0.9215313800813
"165","ZWE","18",1106,1106,0.8800363477947
"166","AFG","20",461,739.075988548384,0.761746150446875
"167","AGO","20",806,1222.15406881292,0.903457754482697
"168","ALB","20",179,317.940080397648,0.47633045385061
"169","ARE","20",2344,3036.10965915901,0.996752505629796
"170","ARG","20",477,761.629917186313,0.77158575294815
"171","ARM","20",84,162.418698880528,0.29957602399297
"172","AUS","20",348,577.074407170546,0.67744306696394
"173","AUT","20",54,112.461897697317,0.230989172088248
"174","AZE","20",401,653.815262826352,0.720563728647534
"175","BDI","20",458,734.840752970665,0.759851714077968
"176","BEL","20",38,85.7476989211084,0.1915970767411
"177","BEN","20",2755,3472.34006642461,0.998563610211294
"178","BFA","20",2942,3655.82664488134,0.998980805129778
"179","BGD","20",1932,2646.22261329208,0.993267325181298
"180","BGR","20",120,221.962200133286,0.373380508775889
"181","BHS","20",1728,2406.01479659637,0.989449627904933
"182","BIH","20",67,134.136534117589,0.261535168128794
"183","BLR","20",36,82.406324830119,0.186530062728695
"184","BLZ","20",1860,2567.56478808093,0.992200476478062
"185","BOL","20",998,1470.1815044481,0.939286299239365
"186","BRA","20",1152,1652.45574243826,0.956822628063652
"187","BRN","20",2299,2992.26860741251,0.996475049115301
"188","BTN","20",680,1047.02744878476,0.866049883009115
"189","BWA","20",1037,1517.25521905911,0.944402316374912
"190","CAF","20",1649,2299.72720557737,0.987129743851347
"191","CAN","20",69,137.467874799474,0.266121214405718
"192","CHE","20",25,64.0229665645331,0.15807928160424
"193","CHL","20",14,45.6330549945453,0.128622767566139
"194","CHN","20",570,892.220246114739,0.821076750817164
"195","CIV","20",2231,2928.43068905476,0.996028104605633
"196","CMR","20",1591,2219.04684738476,0.985033846861982
"197","COD","20",1344,1883.75089863725,0.971983472100331
"198","COG","20",1770,2459.8436832899,0.990459927253429
"199","COL","20",1021,1498.05189756092,0.942369511023371
"200","COM","20",1417,1978.76829442909,0.976544333956567
"201","CRI","20",1306,1836.13581324695,0.969374443876395
"202","CYP","20",735,1124.13330296242,0.884036032010889
"203","CZE","20",41,90.7590126236025,0.199137361374503
"204","DEU","20",48,102.448061735189,0.216453097213532
"205","DJI","20",2589,3295.85005221834,0.998001955003064
"206","DNK","20",0,0,0.051
"207","DOM","20",1459,2035.37722409683,0.978900414630616
"208","DZA","20",585,913.295862543184,0.82799121765519
"209","ECU","20",1470,2050.40647456763,0.9794851566258
"210","EGY","20",973,1439.49113821268,0.935699952488156
"211","ESP","20",270,460.509009863491,0.598881477821545
"212","EST","20",3,27.24031152516,0.0981308743168566
"213","ETH","20",446,717.876062867467,0.752111125004923
"214","FIN","20",0,0,0.051
"215","FJI","20",1404,1961.51828946577,0.975775376949402
"216","FRA","20",88,169.06056001668,0.308221684217163
"217","GAB","20",1909,2621.78226205949,0.992952478684434
"218","GBR","20",0,0,0.051
"219","GEO","20",125,230.183364764765,0.38294022054349
"220","GHA","20",2548,3251.0497090537,0.997827353862911
"221","GIN","20",1917,2630.35406793398,0.993064544786872
"222","GMB","20",2405,3097.88853826322,0.997106817139079
"223","GNB","20",2357,3049.04906169914,0.996830141171718
"224","GNQ","20",1478,2061.38492119656,0.979902026361613
"225","GRC","20",310,520.895470213925,0.641713025760088
"226","GTM","20",696,1069.5200124767,0.871567127444248
"227","GUY","20",2257,2952.54373116213,0.996203225003222
"228","HKG","20",1333,1869.8408542144,0.971245151364102
"229","HND","20",1175,1679.31893820915,0.958938030199109
"230","HRV","20",137,249.855333989284,0.405227295064535
"231","HTI","20",1694,2360.96448803033,0.988522309370318
"232","HUN","20",125,230.183364764765,0.38294022054349
"233","IDN","20",2305,2998.03288644582,0.996512841221898
"234","IND","20",2062,2774.21949340224,0.994700468894692
"235","IRL","20",0,0,0.051
"236","IRN","20",667,1028.73079562199,0.861387508245022
"237","IRQ","20",1624,2265.12219899144,0.98626935375878
"238","ISR","20",646,999.154128353236,0.853505105416663
"239","ITA","20",214,373.618459001745,0.5281117116839
"240","JAM","20",1612,2248.40809955111,0.985833420242916
"241","JOR","20",650,1004.78867935939,0.855040561586534
"242","JPN","20",339,563.865052989898,0.669376207801913
"243","KAZ","20",249,428.248806706092,0.573938573272867
"244","KEN","20",669,1031.54657195049,0.86211545437805
"245","KGZ","20",68,135.802324190385,0.263831927249656
"246","KHM","20",2587,3293.66712082213,0.997993782150347
"247","KOR","20",331,552.074695525476,0.662005670749367
"248","KWT","20",2301,2994.18739506935,0.996487674443382
"249","LAO","20",1509,2104.26241102928,0.981450588008397
"250","LBN","20",320,535.785209199434,0.651551495013692
"251","LBR","20",1931,2645.17286935574,0.993254095817647
"252","LKA","20",2146,2851.08054806137,0.995409962592896
"253","LSO","20",59,120.802233443248,0.242889947945497
"254","LTU","20",20,55.6644765694709,0.144816361774312
"255","LUX","20",44,95.7693415329004,0.206605853792162
"256","LVA","20",10,38.9449606804149,0.117656247502666
"257","MAR","20",448,720.706323595811,0.753419632830923
"258","MDA","20",141,256.392976005362,0.41245435684339
"259","MDG","20",690,1061.08952341335,0.869526337062134
"260","MDV","20",2803,3520.8932994338,0.99868828121261
"261","MEX","20",634,982.250874869031,0.848800574731365
"262","MKD","20",70,139.133180606508,0.268403047576573
"263","MLI","20",2986,3697.60318975919,0.999057396136979
"264","MMR","20",2021,2735.43554496131,0.994301834223073
"265","MNE","20",45,97.4392140956343,0.209079491123124
"266","MNG","20",22,59.0080077901207,0.150146633976256
"267","MOZ","20",1389,1941.78536698112,0.974864777171942
"268","MRT","20",3016,3726.08518580579,0.999106286923511
"269","MUS","20",1251,1769.17024525636,0.965288868084736
"270","MWI","20",995,1466.5213104006,0.938869315088297
"271","MYS","20",1990,2705.23831237823,0.993970807099328
"272","NAM","20",924,1378.00106254119,0.927864462717752
"273","NER","20",3003,3713.73594536883,0.999085408186979
"274","NGA","20",2378,3070.21352243993,0.996953146217013
"275","NIC","20",1754,2439.5922849622,0.990091715496578
"276","NLD","20",22,59.0080077901207,0.150146633976256
"277","NOR","20",0,0,0.051
"278","NPL","20",984,1453.04856637612,0.937309621714817
"279","NZL","20",21,57.3362627830013,0.147485696594052
"280","OMN","20",1849,2554.97327194548,0.992014648665008
"281","PAK","20",1759,2445.95525974752,0.990208913187615
"282","PAN","20",1816,2516.23597756383,0.991414733635802
"283","PER","20",636,985.067929126988,0.849594982628453
"284","PHL","20",2017,2731.58532268657,0.994260659862004
"285","PNG","20",1474,2055.89078778717,0.979694474818401
"286","POL","20",44,95.7693415329004,0.206605853792162
"287","PRI","20",1586,2212.04136955649,0.984836496766244
"288","PRT","20",203,356.230093688681,0.512515486179105
"289","PRY","20",1147,1646.62244673169,0.956349059728014
"290","PSE","20",628,973.800382508316,0.846392279469723
"291","QAT","20",2514,3213.97187929756,0.997671367036797
"292","ROU","20",115,213.727661203763,0.36365677981443
"293","RUS","20",90,172.379405788505,0.312501732329588
"294","RWA","20",197,346.70236059216,0.503752207165627
"295","SAU","20",1894,2605.50216983076,0.992734626249696
"296","SDN","20",2967,3679.57650976643,0.999025079426767
"297","SEN","20",2345,3037.10053824862,0.996758517483138
"298","SLB","20",1953,2668.00507373297,0.993536058243542
"299","SLE","20",2221,2919.23607369618,0.995959221623773
"300","SLV","20",1607,2241.4284927224,0.985647308046094
"301","SRB","20",119,220.316339408521,0.371448953742988
"302","SSD","20",2861,3578.04194794849,0.998821231374447
"303","SUR","20",2428,3121.85347313179,0.997233611154361
"304","SVK","20",46,99.1089612072178,0.211545231202785
"305","SVN","20",55,114.130316872676,0.233384703792068
"306","SWE","20",0,0,0.051
"307","SWZ","20",654,1010.42301511331,0.856559866449961
"308","TCD","20",2709,3424.66798350928,0.998429679608676
"309","TGO","20",2532,3233.57931770107,0.997755202145707
"310","THA","20",2406,3098.92324504447,0.997112409751138
"311","TJK","20",376,617.824190551072,0.701109417297073
"312","TKM","20",808,1224.87854471858,0.903948364180457
"313","TLS","20",1780,2472.33650113613,0.990680215170333
"314","TTO","20",2244,2940.4470255527,0.996116359989733
"315","TUN","20",742,1133.89103104594,0.886132832625461
"316","TUR","20",240,414.303454074615,0.5626816850239
"317","TZA","20",1004,1477.48417286822,0.940109769478755
"318","UGA","20",1009,1483.55205672533,0.940785499514309
"319","UKR","20",117,217.023035925924,0.36756609227371
"320","URY","20",353,584.38866389131,0.681824856421887
"321","USA","20",450,723.535415781588,0.754720697581496
"322","UZB","20",589,918.918866727873,0.82979041718268
"323","VCT","20",2594,3301.30496213666,0.998022232824165
"324","VNM","20",1947,2661.83183123603,0.993461006371472
"325","VUT","20",1431,1997.49367118396,0.977351454500807
"326","WSM","20",2493,3191.19642788652,0.997570048062228
"327","YEM","20",867,1304.05564173488,0.917167147786357
"328","ZAF","20",428,692.345717520735,0.739989424068946
"329","ZMB","20",902,1349.77706441939,0.92395496822677
"330","ZWE","20",734,1122.73803740816,0.883733069955322
"331","AFG","22",271,786.547887556988,0.781984916910775
"332","AGO","22",501,1271.82438927169,0.912021084368699
"333","ALB","22",92,326.75035110351,0.484887335866242
"334","ARE","22",1652,3064.76253476444,0.996921929749439
"335","ARG","22",282,812.437321619199,0.792288311083597
"336","ARM","22",38,178.626305180031,0.320486155500322
"337","AUS","22",197,604.558091928538,0.69360192147828
"338","AUT","22",22,134.48505028118,0.262016287492334
"339","AZE","22",232,692.300216531971,0.739967299647101
"340","BDI","22",270,784.179133827643,0.781017061946005
"341","BEL","22",13,109.638678506706,0.226918505105261
"342","BEN","22",2052,3442.56983485893,0.9984813782085
"343","BFA","22",2238,3639.80975691898,0.998949816875581
"344","BGD","22",1266,2597.7336177297,0.992628310401493
"345","BGR","22",58,233.691434124428,0.386974939519941
"346","BHS","22",1092,2299.63773182311,0.987127590272433
"347","BIH","22",29,153.803206587394,0.288200121564462
"348","BLR","22",12,106.877597272805,0.22291659130064
"349","BLZ","22",1202,2491.16959931741,0.991002725952142
"350","BOL","22",626,1500.59607699565,0.942643043536259
"351","BRA","22",720,1663.58690328593,0.957712087468269
"352","BRN","22",1609,3026.76209667479,0.99669524058029
"353","BTN","22",418,1108.75855550401,0.880653586767764
"354","BWA","22",650,1542.79840103396,0.946995554431978
"355","CAF","22",1031,2192.45478374796,0.984270807936055
"356","CAN","22",31,159.321080115543,0.295507011532971
"357","CHE","22",6,90.3102727913076,0.198465040660484
"358","CHL","22",0,0,0.051
"359","CHN","22",345,954.921035305913,0.840872389419934
"360","CIV","22",1544,2964.87321487338,0.996289762514641
"361","CMR","22",989,2119.29165088766,0.981964655580612
"362","COD","22",831,1850.85522714583,0.970205925726748
"363","COG","22",1126,2359.40483761088,0.988488785290858
"364","COL","22",640,1525.26962668547,0.945229342870392
"365","COM","22",875,1924.81545429016,0.974054351723187
"366","CRI","22",809,1813.92084894925,0.968075401960157
"367","CYP","22",455,1182.80649340177,0.896086309458169
"368","CZE","22",15,115.160666801079,0.234860361090078
"369","DEU","22",19,126.203754010886,0.250498904929545
"370","DJI","22",1889,3273.85062729723,0.997918043398065
"371","DNK","22",0,0,0.051
"372","DOM","22",901,1968.70775368945,0.976098880491252
"373","DZA","22",355,976.668715182879,0.847213992097935
"374","ECU","22",907,1978.86743389029,0.976548682018025
"375","EGY","22",610,1472.1961913121,0.939514605609629
"376","ESP","22",147,474.600293578431,0.609313186856842
"377","EST","22",0,0,0.051
"378","ETH","22",262,765.138154135317,0.773079337864964
"379","FIN","22",0,0,0.051
"380","FJI","22",867,1911.34578686269,0.973392525377061
"381","FRA","22",41,186.895824021526,0.33091332706738
"382","GAB","22",1245,2563.38104611075,0.992139216822483
"383","GBR","22",0,0,0.051
"384","GEO","22",62,244.681915953853,0.399445367474122
"385","GHA","22",1849,3235.90983975249,0.997764963859295
"386","GIN","22",1253,2576.54662686739,0.992330383559526
"387","GMB","22",1711,3115.04893376726,0.997198185361439
"388","GNB","22",1664,3075.10329467537,0.996980879277309
"389","GNQ","22",913,1989.04047989224,0.976990593715593
"390","GRC","22",173,542.802922527433,0.656094354475646
"391","GTM","22",429,1131.02268854069,0.885520430925876
"392","GUY","22",1569,2989.46409270869,0.996456514152794
"393","HKG","22",825,1840.78306002766,0.969639437611289
"394","HND","22",733,1685.71302447942,0.959426082143835
"395","HRV","22",68,261.149712731394,0.41765745737869
"396","HTI","22",1065,2252.12585084371,0.985931567501947
"397","HUN","22",61,241.935145745036,0.396352706586492
"398","IDN","22",1614,3031.27566442317,0.996723016593303
"399","IND","22",1384,2775.35644351867,0.994711724241163
"400","IRL","22",0,0,0.051
"401","IRN","22",410,1092.42624601939,0.876952345099424
"402","IRQ","22",1012,2159.26384444254,0.983263609684818
"403","ISR","22",395,1061.47217561963,0.869619665352595
"404","ITA","22",113,383.684035731603,0.536910818674526
"405","JAM","22",1004,2145.33289637301,0.982821883411688
"406","JOR","22",398,1067.69831007573,0.871128864074501
"407","JPN","22",191,589.234802397029,0.684695222671748
"408","KAZ","22",134,440.047977854999,0.583236431070004
"409","KEN","22",411,1094.4743787589,0.877422717289834
"410","KGZ","22",30,156.562245586217,0.291863126356853
"411","KHM","22",1887,3271.91505345274,0.997910494053802
"412","KOR","22",186,576.405540661791,0.677039366665875
"413","KWT","22",1611,3028.57101094413,0.996706400603813
"414","LAO","22",933,2023.05666489028,0.978408648623667
"415","LBN","22",179,558.355344028823,0.665952130261945
"416","LBR","22",1265,2596.11332139284,0.992605940647452
"417","LKA","22",1463,2876.4552637887,0.995622676540371
"418","LSO","22",25,142.765207287303,0.27335513746238
"419","LTU","22",4,84.7876428640834,0.190144443501541
"420","LUX","22",17,120.682377812484,0.242720237829317
"421","LVA","22",0,0,0.051
"422","MAR","22",263,767.527116492949,0.774090813071448
"423","MDA","22",71,269.374761570241,0.426545844959473
"424","MDG","22",425,1122.95201259294,0.883779582953757
"425","MDV","22",2099,3493.16479176194,0.998618471302308
"426","MEX","22",388,1046.87418221702,0.866011486267312
"427","MKD","22",31,159.321080115543,0.295507011532971
"428","MLI","22",2281,3683.50099513239,0.999032207972379
"429","MMR","22",1347,2722.85230605136,0.994166162679706
"430","MNE","22",17,120.682377812484,0.242720237829317
"431","MNG","22",5,87.5489641813872,0.194315492811372
"432","MOZ","22",858,1896.20751242871,0.972628543129598
"433","MRT","22",2311,3713.48101002912,0.999084972070514
"434","MUS","22",778,1761.79982961852,0.96480714365642
"435","MWI","22",623,1495.2878602554,0.94207086229184
"436","MYS","22",1318,2679.55741983397,0.993674200539644
"437","NAM","22",579,1416.50689022968,0.932876049756217
"438","NER","22",2298,3700.53785042586,0.999062554805163
"439","NGA","22",1684,3092.17660106165,0.99707574848794
"440","NIC","22",1113,2336.57730226615,0.987986761580032
"441","NLD","22",5,87.5489641813872,0.194315492811372
"442","NOR","22",0,0,0.051
"443","NPL","22",617,1484.64843846511,0.940906778719968
"444","NZL","22",4,84.7876428640834,0.190144443501541
"445","OMN","22",1193,2475.79111992419,0.990740228203465
"446","PAK","22",1117,2343.60562885122,0.98814361818199
"447","PAN","22",1164,2425.75983503754,0.989832077548981
"448","PER","22",389,1048.96569716708,0.866534509685392
"449","PHL","22",1343,2716.98952636374,0.994101852112186
"450","PNG","22",910,1983.95223501599,0.976770613906251
"451","POL","22",17,120.682377812484,0.242720237829317
"452","PRI","22",986,2114.09650850759,0.981788589872971
"453","PRT","22",106,364.763199783747,0.520232498340076
"454","PRY","22",717,1658.4694374134,0.957305463951778
"455","PSE","22",383,1036.38578866245,0.863357589133878
"456","QAT","22",1816,3205.78170370231,0.997635428048152
"457","ROU","22",56,228.192919543543,0.380639162479681
"458","RUS","22",42,189.651693698372,0.334352579710895
"459","RWA","22",103,356.636046429425,0.512885410661885
"460","SAU","22",1232,2541.79420856874,0.991815405820547
"461","SDN","22",2263,3665.31795823131,0.998998734983824
"462","SEN","22",1653,3065.62770388356,0.996926905629182
"463","SLB","22",1285,2628.20161961825,0.993036572779247
"464","SLE","22",1534,2954.71553244173,0.996218613456042
"465","SLV","22",1000,2138.37816652438,0.982597017019128
"466","SRB","22",58,233.691434124428,0.386974939519941
"467","SSD","22",2158,3556.2477539717,0.99877219809854
"468","SUR","22",1732,3132.82731555838,0.997289801936141
"469","SVK","22",18,123.443111422177,0.246619674789734
"470","SVN","22",23,137.245241440151,0.26581561916493
"471","SWE","22",0,0,0.051
"472","SWZ","22",401,1073.90660833142,0.872616344639996
"473","TCD","22",2007,3394.41796273441,0.998338289973984
"474","TGO","22",1833,3221.17649308298,0.997702529450781
"475","THA","22",1712,3115.89469346926,0.997202613126882
"476","TJK","22",215,650.041447809356,0.718584762755025
"477","TKM","22",503,1275.62671502568,0.912644426461396
"478","TLS","22",1134,2373.42766916783,0.988786717005119
"479","TTO","22",1556,2976.81413474556,0.996371692207804
"480","TUN","22",459,1190.67368678653,0.897603861255714
"481","TUR","22",129,426.686343526706,0.572691883972596
"482","TZA","22",630,1507.66199166131,0.943395930936673
"483","UGA","22",632,1511.18999439115,0.943768139498774
"484","UKR","22",57,230.942439038429,0.383815496344428
"485","URY","22",200,612.1898243736,0.697943578213856
"486","USA","22",264,769.913553691238,0.775096717731013
"487","UZB","22",358,983.148964547994,0.84905429012637
"488","VCT","22",1893,3277.73401840829,0.997933107680688
"489","VNM","22",1279,2618.64687922504,0.992911036525367
"490","VUT","22",883,1938.30022523417,0.974700430559616
"491","WSM","22",1796,3187.9887794774,0.997555428673459
"492","YEM","22",542,1348.75781767496,0.923809888833159
"493","ZAF","22",249,733.85201647521,0.759407284232606
"494","ZMB","22",565,1391.0454415808,0.929602776543081
"495","ZWE","22",454,1180.83568173944,0.895702637531078
"496","AFG","24",149,900.119601830653,0.823700343117761
"497","AGO","24",291,1466.73054730802,0.938893229197028
"498","ALB","24",43,369.507342965652,0.524469954450764
"499","ARE","24",995,3060.86210305216,0.996899396822651
"500","ARG","24",156,932.774222284521,0.834143824038205
"501","ARM","24",14,218.371468595646,0.369158809151665
"502","AUS","24",103,676.646898680253,0.732243202075893
"503","AUT","24",6,176.610054729159,0.31791928842001
"504","AZE","24",125,785.288139115266,0.781470726920847
"505","BDI","24",148,895.422005223816,0.822144815517449
"506","BEL","24",1,150.506384277941,0.283798279366219
"507","BEN","24",1365,3416.91724504122,0.99840675383149
"508","BFA","24",1547,3556.19490074018,0.998772076742075
"509","BGD","24",687,2407.12654969445,0.989471539115149
"510","BGR","24",25,275.765648040102,0.433358382053742
"511","BHS","24",572,2139.02815283419,0.982618157049229
"512","BIH","24",9,192.271598979529,0.337605759246765
"513","BLR","24",1,150.506384277941,0.283798279366219
"514","BLZ","24",643,2301.49642211714,0.987172253896704
"515","BOL","24",361,1669.57432029368,0.958182922042799
"516","BRA","24",406,1779.87180948185,0.965976600282602
"517","BRN","24",958,3001.30502984785,0.996534113677733
"518","BTN","24",240,1288.11153735134,0.9146602606277
"519","BWA","24",373,1700.25766891028,0.960514758951309
"520","CAF","24",537,2062.80321556018,0.979955259793184
"521","CAN","24",10,197.491898141044,0.34404056569249
"522","CHE","24",0,0,0.051
"523","CHL","24",0,0,0.051
"524","CHN","24",195,1106.67645759695,0.880188002960106
"525","CIV","24",903,2901.31865977047,0.995821539384768
"526","CMR","24",515,2015.90919152202,0.978118126271705
"527","COD","24",449,1875.84987449721,0.971566457184147
"528","COG","24",593,2185.93895721645,0.984077981722349
"529","COL","24",368,1687.59702959638,0.959568776181064
"530","COM","24",465,1910.17156950368,0.973334036853859
"531","CRI","24",441,1858.47169581226,0.970627268984925
"532","CYP","24",263,1372.19572104813,0.927077094048053
"533","CZE","24",2,155.727161203455,0.290756430406892
"534","DEU","24",4,166.16867217658,0.304470530848581
"535","DJI","24",1210,3305.79733202484,0.998038777922788
"536","DNK","24",0,0,0.051
"537","DOM","24",476,1933.5295093294,0.974473717282581
"538","DZA","24",201,1132.11870056869,0.885754821388545
"539","ECU","24",478,1937.76243525587,0.974674974813092
"540","EGY","24",352,1645.86539162786,0.956287219632532
"541","ESP","24",74,529.675208828731,0.647547395427059
"542","EST","24",0,0,0.051
"543","ETH","24",143,871.815268079474,0.814117594123877
"544","FIN","24",0,0,0.051
"545","FJI","24",462,1903.77260022401,0.973013033258283
"546","FRA","24",15,223.59083212286,0.375286001540164
"547","GAB","24",672,2370.81327599198,0.98873176198926
"548","GBR","24",0,0,0.051
"549","GEO","24",26,280.980599094969,0.438857390947721
"550","GHA","24",1173,3273.59299013423,0.997917040108237
"551","GIN","24",678,2385.3100805775,0.98903312958364
"552","GMB","24",1047,3134.75733588187,0.997299565784837
"553","GNB","24",1006,3077.42433610696,0.996993954913392
"554","GNQ","24",480,1941.99214198755,0.974874494311223
"555","GRC","24",89,606.146329379741,0.694510574987199
"556","GTM","24",247,1314.3291923727,0.918743305726611
"557","GUY","24",924,2941.14161153429,0.996121401081118
"558","HKG","24",447,1871.52099042333,0.971335353146097
"559","HND","24",412,1793.70656021947,0.96684553060245
"560","HRV","24",30,301.833997694463,0.460318461042032
"561","HTI","24",556,2103.89831885929,0.981437954297147
"562","HUN","24",26,280.980599094969,0.438857390947721
"563","IDN","24",963,3009.70723691667,0.996588144543089
"564","IND","24",775,2620.5744152437,0.992936542644095
"565","IRL","24",0,0,0.051
"566","IRN","24",235,1269.04829942085,0.911563172931167
"567","IRQ","24",527,2041.41026693899,0.979137117994822
"568","ISR","24",226,1234.03143324622,0.905578385090588
"569","ITA","24",54,426.587249094229,0.572612693626258
"570","JAM","24",523,2032.89180745783,0.978802121229771
"571","JOR","24",228,1241.89078248955,0.906955950146377
"572","JPN","24",100,661.62000712315,0.724612448075419
"573","KAZ","24",66,488.570407583671,0.619387370886297
"574","KEN","24",236,1272.88332969263,0.912195129472162
"575","KGZ","24",10,197.491898141044,0.34404056569249
"576","KHM","24",1208,3304.13571397384,0.998032674485569
"577","KOR","24",97,646.547695164435,0.716740168577555
"578","KWT","24",960,3004.67940908337,0.996555914873398
"579","LAO","24",489,1960.99725403178,0.975751762518411
"580","LBN","24",93,626.38369486703,0.705855457050149
"581","LBR","24",687,2407.12654969445,0.989471539115149
"582","LKA","24",837,2763.65026420826,0.994594684590404
"583","LSO","24",7,181.830658621479,0.324545723326106
"584","LTU","24",0,0,0.051
"585","LUX","24",3,160.947926599084,0.297646965425147
"586","LVA","24",0,0,0.051
"587","MAR","24",144,876.55226032735,0.815756901741536
"588","MDA","24",31,307.045536531416,0.465552423951739
"589","MDG","24",245,1306.89455152779,0.917605722453474
"590","MDV","24",1411,3447.77064264232,0.998496075993183
"591","MEX","24",221,1214.18983757205,0.902009179849423
"592","MKD","24",10,197.491898141044,0.34404056569249
"593","MLI","24",1590,3599.07516429758,0.998866694888107
"594","MMR","24",747,2553.22313496408,0.991988471745302
"595","MNE","24",3,160.947926599084,0.297646965425147
"596","MNG","24",0,0,0.051
"597","MOZ","24",459,1897.35856014266,0.972687395712828
"598","MRT","24",1619,3630.32165466247,0.998931017454117
"599","MUS","24",429,1832.04877965532,0.969139483593097
"600","MWI","24",359,1664.35895490922,0.957773096021868
"601","MYS","24",725,2499.71846136032,0.991145416134211
"602","NAM","24",335,1599.31283112479,0.952311331863123
"603","NER","24",1606,3616.10834679171,0.99890222413709
"604","NGA","24",1024,3103.43266540713,0.997136657312226
"605","NIC","24",585,2167.95744641065,0.983533494075271
"606","NLD","24",0,0,0.051
"607","NOR","24",0,0,0.051
"608","NPL","24",356,1656.47932056744,0.957146279425584
"609","NZL","24",0,0,0.051
"610","OMN","24",637,2287.34637084024,0.986828293460664
"611","PAK","24",587,2172.43991869037,0.983670943133525
"612","PAN","24",617,2240.72513640547,0.985628417870167
"613","PER","24",222,1218.18014557232,0.902737653922974
"614","PHL","24",744,2545.94817932053,0.991878736843013
"615","PNG","24",479,1939.87766402229,0.974774949533589
"616","POL","24",3,160.947926599084,0.297646965425147
"617","PRI","24",513,2011.6731253447,0.977944101887593
"618","PRT","24",50,405.855383395214,0.555718117420841
"619","PRY","24",405,1777.54902627915,0.96582849466419
"620","PSE","24",219,1206.17640558331,0.900529718598493
"621","QAT","24",1142,3243.97171813909,0.997798405907033
"622","ROU","24",23,265.334104071869,0.422196396849114
"623","RUS","24",16,228.809933392465,0.381353378744016
"624","RWA","24",48,395.478380862526,0.547012638109674
"625","SAU","24",663,2349.15523912981,0.98826602474776
"626","SDN","24",1571,3579.58689044185,0.998824631972458
"627","SEN","24",996,3062.38902205791,0.996908237466881
"628","SLB","24",701,2441.18740528206,0.990121226634798
"629","SLE","24",896,2887.59857213608,0.995712947350603
"630","SLV","24",521,2028.63980925028,0.978632900011799
"631","SRB","24",24,270.550137472907,0.427804886040954
"632","SSD","24",1468,3488.87219901348,0.998607336937566
"633","SUR","24",1066,3159.09520824197,0.997419712674521
"634","SVK","24",4,166.16867217658,0.304470530848581
"635","SVN","24",6,176.610054729159,0.31791928842001
"636","SWE","24",0,0,0.051
"637","SWZ","24",230,1249.70573566238,0.908305805007734
"638","TCD","24",1322,3388.32651981783,0.998319253220005
"639","TGO","24",1158,3259.58311802679,0.997861748652002
"640","THA","24",1048,3136.07229509653,0.997306197924165
"641","TJK","24",114,731.328219945172,0.758269123365908
"642","TKM","24",292,1469.95386423455,0.939260448692394
"643","TLS","24",598,2197.24781418728,0.984411158247046
"644","TTO","24",913,2920.53423851557,0.99596901899221
"645","TUN","24",265,1379.22913881092,0.92802993209528
"646","TUR","24",63,473.108128115861,0.608221511767183
"647","TZA","24",363,1674.75999390646,0.958586471202208
"648","UGA","24",364,1677.34182740128,0.958785935009191
"649","UKR","24",24,270.550137472907,0.427804886040954
"650","URY","24",105,686.638716182041,0.737199707572013
"651","USA","24",145,881.281486884424,0.817379100238565
"652","UZB","24",203,1140.51681128552,0.887534966330476
"653","VCT","24",1214,3309.09527385816,0.998050835856163
"654","VNM","24",697,2431.44404435074,0.989939584805148
"655","VUT","24",468,1916.55697406799,0.973650553815439
"656","WSM","24",1124,3225.53257520617,0.997721168337335
"657","YEM","24",314,1538.33282351641,0.946551080685902
"658","ZAF","24",135,833.64674752069,0.800365263210667
"659","ZMB","24",327,1576.55313858116,0.950237861217873
"660","ZWE","24",262,1368.66247293684,0.926593684495254
