"","countrycode","gdppc","avg.gdp","country","governance","gov.eff","corr.cont","readiness","avg.gov","urban","avg.urb","gini_reported","avg.gini"
"1","ABW",23300.0395575696,25600.6250684888,NA,NA,NA,NA,NA,NA,44.875,43.6806666666667,NA,NA
"2","AFG",242.031284871985,485.104079062165,NA,NA,NA,NA,NA,NA,22.703,23.7476666666667,29,31
"3","AGO",1902.42234554625,3872.29163834232,NA,NA,NA,NA,NA,NA,56,59.743,55,46.1028571428571
"4","ALB",2673.78728253113,3964.49341259236,NA,NA,NA,NA,NA,NA,46.731,52.1093333333333,30.6,29.8466666666667
"5","AND",40066.2569185146,41643.4822619658,NA,NA,NA,NA,NA,NA,90.285,89.1496666666667,27.96,27.96
"6","ARB",3765.82049560194,6011.78278512179,NA,NA,NA,NA,NA,NA,NA,NA,NA,NA
"7","ARE",39365.4339019123,39719.9709457857,NA,NA,NA,NA,NA,NA,82.262,84.0076666666667,38.3,38.3
"8","ARG",5109.85132522621,10319.3475653475,"Argentina",0.488522857136697,0.478942930226595,0.341235897783079,0.383390439128607,0.494411135238236,90.031,90.7943333333333,47.53,42.43
"9","ARM",1643.7530293611,3282.99602660898,"Armenia",0.468265975147661,0.47574917120048,0.27532939609123,0.432511921910151,0.488134158889384,63.938,63.4876666666667,43.4,32.9657894736842
"10","ASM",8444.98169974145,10515.5957960433,NA,NA,NA,NA,NA,NA,88.1,87.644,NA,NA
"11","ATG",12547.6130399103,13937.0650424463,NA,NA,NA,NA,NA,NA,29.218,26.8186666666667,NA,NA
"12","AUS",33999.2428575835,51943.1745551909,"Australia",0.875404345789417,0.860486246836646,0.88069424472608,0.694779929220161,0.888820759889148,84.582,85.155,35.4,36.4312121212121
"13","AUT",38403.1338770715,47018.073889831,"Austria",0.87842425979677,0.846933189552518,0.873711001432697,0.713656333136737,0.880514294116457,58.813,57.9756666666667,26.3,32.5429824561404
"14","AZE",1578.40239029603,5342.06096209262,"Azerbaijan",0.342665154307256,0.355814384898048,0.189873330077271,0.354150634457625,0.379857282951194,52.389,53.503,26.55,26.55
"15","BDI",151.681463366485,229.816087396408,"Burundi",0.297191948373364,0.24999464023252,0.216352601142729,0.195094122208492,0.287687951110276,9.375,10.6983333333333,33.36,35.99
"16","BEL",36795.9768819639,43835.0735315685,"Belgium",0.818433812841247,0.852419408741495,0.750122074873908,0.597754419615719,0.830665368102328,97.403,97.6433333333333,28,32.1908771929825
"17","BEN",822.457830930625,1072.21789630512,"Benin",0.452874137413147,0.370423728665579,0.23477645543583,0.280206401956692,0.482973041692094,40.543,43.1103333333333,43.44,45.6
"18","BFA",457.751545461446,650.495350995915,"Burkina Faso",0.459701155874708,0.386466288808718,0.401725107139042,0.248406671558741,0.457114533201121,21.537,24.5666666666667,39.76,37.53
"19","BGD",499.461940239156,848.432487932164,"Bangladesh",0.299123352173987,0.318815534070999,0.110889677724531,0.241347098198368,0.364672149886561,26.809,30.5263333333333,46.7,42.2015384615385
"20","BGR",3899.90763774017,6724.47282735257,"Bulgaria",0.591908159646655,0.541211246092099,0.443913410290327,0.448391485878414,0.59042380291639,70.584,72.292,33.8,34.326
"21","BHR",17959.2554402285,21883.1943203382,"Bahrain",0.578996719788114,0.584978034169221,0.520609902610462,0.431654204762285,0.561643177554072,88.422,88.685,59.6,59.6
"22","BHS",30278.3669222647,29898.905630715,"Bahamas",0.782967366319126,0.750571554933057,0.738952402503857,0.481293503887899,0.758166208953638,82.218,82.4636666666667,41.4,41.4
"23","BIH",2980.60210893151,4590.48477043527,"Bosnia and Herzegovina",0.456455245693047,0.35051090710257,0.375839522343521,0.319155674591327,0.484084221527959,43.965,45.5653333333333,33.06,33.045
"24","BLR",3125.81053502853,5849.62765704922,"Belarus",0.31743506897112,0.283689000389299,0.256926203581874,0.355164400011413,0.365362000191807,72.354,74.7356666666667,23.8,27.769375
"25","BLZ",3883.19238900634,4412.40298541772,"Belize",0.547478541981219,0.486079440921442,0.361886622528114,0.358016578201192,0.531849644788404,45.313,45.3156666666667,NA,NA
"26","BMU",75882.0338560339,86455.5985015943,NA,NA,NA,NA,NA,NA,100,100,NA,NA
"27","BOL",1034.31124023689,2175.8019615219,"Bolivia, Plurinational State of",0.397309595520286,0.364094485958525,0.261017044432946,0.268114510168228,0.438046719638275,64.17,66.331,58.5,49.7678260869565
"28","BRA",4790.43708777366,9524.39670160859,"Brazil",0.524008776667746,0.48461574086829,0.398488340489491,0.355470162041075,0.546498389018099,82.834,84.313,56.2,52.28
"29","BRB",13822.5916771315,16158.3909922991,"Barbados",0.795376550398973,0.767841695847892,0.757839773142407,0.491156407527849,0.77960898711911,32.841,31.9866666666667,47,45
"30","BRN",26105.2790303114,35874.4982267785,"Brunei Darussalam",0.612585095894036,0.626343058295935,0.487441925138621,0.450028467720125,0.653695920901819,73.163,74.929,NA,NA
"31","BTN",1228.44182357066,2177.70791530331,"Bhutan",0.577390680813905,0.570250278344124,0.6195327051858,0.37214368444543,0.588164696089909,30.965,34.812,38.09,38.45
"32","BWA",5520.12471972503,6500.83753366919,"Botswana",0.705924647026959,0.636366199395185,0.698053473135944,0.410427063227426,0.683803606786568,55.944,61.837,49.5,51.618
"33","CAF",331.162924198911,434.984042214883,"Central African Republic",0.251727632637297,0.185924586082862,0.136036332427878,0.163657838942216,0.250160339603114,38.069,39.0833333333333,56.24,56.24
"34","CAN",36266.1871235853,45852.5414569176,"Canada",0.871822062598582,0.888197093541184,0.863846510862163,0.68813942554731,0.890752418278742,80.122,80.7726666666667,31.7,36.3276470588235
"35","CEB",8347.82283993784,12444.8461075497,NA,NA,NA,NA,NA,NA,NA,NA,NA,NA
"36","CHE",54952.6737181498,74919.5136670655,"Switzerland",0.899252518423496,0.880840897557818,0.896269932576643,0.710962578616522,0.914759454611553,73.478,73.601,33.92,31.7495348837209
"37","CHI",58197.4493814049,65299.91665243,NA,NA,NA,NA,NA,NA,NA,NA,NA,NA
"38","CHL",7598.52512108889,12430.3621918752,"Chile",0.806080091081799,0.755728524333296,0.769637349427251,0.554608217501964,0.796009340668664,86.783,87.0723333333333,49.8,47.8584090909091
"39","CHN",1753.41782925823,5106.3990315798,"China",0.406287834570323,0.479803081960885,0.290404750056161,0.35058241041605,0.437599472139226,42.522,49.0826666666667,40.92,40.9643661971831
"40","CIV",930.829818073937,1334.60480069415,"Cote d'Ivoire",0.237050024657725,0.234977469089663,0.144779618996708,0.174370670391729,0.313283886079093,45.234,47.336,56,47.5227272727273
"41","CMR",1011.88007278296,1308.39899115834,"Cameroon",0.338084502269926,0.319169812276205,0.158429035125472,0.250605647789199,0.34302584146893,48.541,51.5593333333333,42.82,39.172
"42","COD",218.386190840192,370.452017171102,NA,0.234002324432688,0.232057115897405,0.15587105459928,0.166092370017117,0.230136568940993,37.481,40.078,42.16,42.13
"43","COG",1680.20458795157,2494.55219612768,"Congo",0.275758982954932,0.245699599050589,0.18989080467097,0.201891747314392,0.309398984518528,60.988,63.2623333333333,47.33,48.135
"44","COL",3414.46583317223,6053.04208655238,"Colombia",0.425446298790538,0.467986023957627,0.400224720252636,0.319788087685189,0.463951472253499,76.024,77.9173333333333,53.5,53.3265573770492
"45","COM",1068.60032134875,1320.88370492323,"Comoros",0.322363509019365,0.178494008167995,0.226758941496819,0.243862467024642,0.341660271992137,27.875,28.106,45.33,45.33
"46","CPV",2099.15748405491,3235.90168064143,"Cape Verde",0.59552236073244,0.461047238056037,0.559089404417489,0.358200315676446,0.65907654911597,57.689,61.27,47.19,44.2975
"47","CRI",4654.8248220098,8393.9637387549,"Costa Rica",0.655306617214288,0.535971764162858,0.542109979157975,0.382778256849091,0.675870231358691,65.672,71.4233333333333,47.4,48.5696610169492
"48","CSS",7253.53734404522,9269.40744981106,NA,NA,NA,NA,NA,NA,NA,NA,NA,NA
"49","CUB",3786.66479540796,6059.42890103647,"Cuba",0.385802429841704,0.393600806264244,0.494136641871061,0.342178856556067,0.411867617290207,76.134,76.5423333333333,NA,NA
"50","CUW",NA,20160.2008619018,NA,NA,NA,NA,NA,NA,90.534,89.9303333333333,NA,NA
"51","CYM",NA,77535.3035743085,NA,NA,NA,NA,NA,NA,100,100,NA,NA
"52","CYP",24959.2591697881,28791.4457334136,"Cyprus",0.738364919313195,0.739752439858316,0.639726136848709,0.477655182089011,0.773119372046237,68.268,67.5883333333333,28.7,31.7504347826087
"53","CZE",13346.1763898857,18869.9078327626,"Czech Republic",0.721119146748989,0.692446865302398,0.54302422874397,0.516559198350877,0.732910750874232,73.602,73.4446666666667,26,29.5368493150685
"54","DEU",34507.3688142332,42404.1982016081,"Germany",0.858513624006531,0.810534378033665,0.865172217066545,0.714289561710666,0.866533695254933,75.98,76.7153333333333,32.1,32.9957303370787
"55","DJI",904.729748876566,1667.38154118764,"Djibouti",0.350625961784816,0.340711821260631,0.266966813878212,0.253479869880624,0.37830017347104,76.761,77.059,45.13,44.63
"56","DMA",5160.22431361932,6741.2991388458,NA,NA,NA,NA,NA,NA,66.601,68.0913333333333,44.4,44.4
"57","DNK",48799.8256011275,57646.7339079177,"Denmark",0.925576566201793,0.935463015518685,0.958168130649294,0.765504557781842,0.931025714292185,85.856,86.7256666666667,23.9,29.1472131147541
"58","DOM",3970.32284040996,5630.72813437401,"Dominican Republic",0.443289962800655,0.392080075314192,0.271633670640616,0.314084649077914,0.476592172983121,67.37,73.2296666666667,49.9,47.3553703703704
"59","DZA",3113.10109432814,4499.58494489266,"Algeria",0.404460473738147,0.409090037108993,0.319575149764961,0.28203856198366,0.367832598661663,63.83,67.406,27.62,27.62
"60","EAP",1640.96005591057,4338.14452221051,NA,NA,NA,NA,NA,NA,NA,NA,NA,NA
"61","EAR",1780.27172502662,2848.56370021776,NA,NA,NA,NA,NA,NA,NA,NA,NA,NA
"62","EAS",4848.23453824267,7781.52444434676,NA,NA,NA,NA,NA,NA,NA,NA,NA,NA
"63","ECA",4269.88504079428,7806.1696413871,NA,NA,NA,NA,NA,NA,NA,NA,NA,NA
"64","ECS",19222.3739973969,23813.9067419055,NA,NA,NA,NA,NA,NA,NA,NA,NA,NA
"65","ECU",3002.13686727475,4876.14081842993,"Ecuador",0.382164779031205,0.311571250517666,0.26638346193462,0.295866185345682,0.39834952776279,61.711,62.5996666666667,53,47.8692307692308
"66","EGY",1187.51968978388,2588.6619600541,"Egypt",0.424025684110879,0.419745042651623,0.286782590996474,0.301308210066832,0.409060617384054,43.027,42.9436666666667,32,32.8027777777778
"67","EMU",31936.0453734983,37436.169090095,NA,NA,NA,NA,NA,NA,NA,NA,NA,NA
"68","ERI",388.595122631048,490.438647484789,"Eritrea",0.282783773275305,0.31388464499859,0.348485024163297,0.162441802004952,0.226959647232704,31.099,34.8266666666667,NA,NA
"69","ESP",26419.2968638221,29663.7808530692,"Spain",0.775050658295677,0.810747774386869,0.738682013389715,0.570448051983552,0.747861985665584,77.263,78.4356666666667,32.2,36.7640909090909
"70","EST",10406.3968759176,16504.1261887103,"Estonia",0.746268978504724,0.700535760902179,0.668662360516474,0.58673096950979,0.772800620359935,68.735,68.415,34.1,36.0642857142857
"71","ETH",162.432726500352,407.970684118926,"Ethiopia",0.30043132164572,0.317629436929506,0.253217028738783,0.261583622194272,0.344747725075022,15.7,17.4823333333333,30,32.405
"72","EUU",27330.993654149,32789.2862572252,NA,NA,NA,NA,NA,NA,NA,NA,NA,NA
"73","FCS",1160.32620618902,2106.92699169604,NA,NA,NA,NA,NA,NA,NA,NA,NA,NA
"74","FIN",39040.2888825052,46787.6121667075,"Finland",0.942564154935813,0.937420179480909,0.966598852787429,0.780830557083396,0.942219315816379,82.905,83.9666666666667,26,31.1304347826087
"75","FJI",3659.57932870842,4426.15804468028,"Fiji",0.521283307781414,0.487983099670915,0.361165685634917,0.428180970025985,0.452381565808471,49.871,52.256,NA,38.54
"76","FRA",34760.1877663866,40350.4420206108,"France",0.810580331905508,0.844274623620636,0.745590934708324,0.61158260446979,0.805546247084925,77.13,78.3846666666667,31.7,33.7198333333333
"77","FRO",36205.3705396112,49710.2195874268,NA,NA,NA,NA,NA,NA,39.781,40.7816666666667,NA,NA
"78","FSM",2358.28001771429,2783.29985519623,NA,NA,NA,NA,NA,NA,22.33,22.3613333333333,42.36,41.21
"79","GAB",6888.62714727031,8636.84531841231,"Gabon",0.438759048421323,0.338452254851754,0.276038903061505,0.319546801005918,0.423549946886557,82.452,85.3676666666667,42.18,42.18
"80","GBR",42030.2866138136,43670.2697008917,"United Kingdom",0.842172363415614,0.863615817493563,0.868875237335755,0.699866778797829,0.856089990137656,79.915,81.281,34.6,37.6331764705882
"81","GEO",1642.76093756395,3461.47688708754,"Georgia",0.440302498704048,0.415919696568284,0.381054469325164,0.342268546770064,0.531191396054783,53.605,55.5293333333333,37.38,38.6851612903226
"82","GHA",491.946377884101,1432.95991736672,"Ghana",0.520808033601975,0.466091973682717,0.346088483924033,0.383327372103405,0.555302408785578,47.308,50.7023333333333,42.77,42.57
"83","GIB",NA,NA,NA,NA,NA,NA,NA,NA,100,100,NA,NA
"84","GIN",322.415681605527,660.339116300634,"Guinea",0.291206868869528,0.291093507037011,0.188640931609056,0.227360814005121,0.282657945655194,32.257,33.692,39.36,36.545
"85","GMB",665.721940653672,739.490695411743,"Gambia",0.417974279014465,0.358631270115498,0.268017707368476,0.29955062712477,0.431964407197377,52.02,55.6366666666667,45.78,41.482
"86","GNB",436.302019745415,575.971651651992,"Guinea-Bissau",0.3262187085004,0.227402808013711,0.165024512788545,0.276167678399618,0.314350802306708,38.157,40.1303333333333,50.66,50.66
"87","GNQ",10963.2893629413,16691.6639775038,"Equatorial Guinea",0.244928450907025,0.212299371291999,0.0585983298684548,0.203976733988359,0.274800385457124,57.74,64.7653333333333,50.2,50.2
"88","GRC",22551.735744099,24407.1032747812,"Greece",0.695587441744328,0.649737630893525,0.513275196056149,0.487997987401588,0.658480221952676,74.452,76.2633333333333,33.2,37.6944927536232
"89","GRD",6644.02495959618,7709.69955299327,"Grenada",0.63039460673714,0.570850602617332,0.583474059680024,0.472272375291934,0.619766116085327,35.895,35.919,36.6,36.6
"90","GRL",32489.7819085278,43738.7791607789,NA,NA,NA,NA,NA,NA,82.858,84.4373333333333,31.2,33.2333333333333
"91","GTM",2101.54181782248,3127.01310623495,"Guatemala",0.392884138828814,0.357636063154261,0.277086650575387,0.2858960833907,0.415859218189644,46.913,48.429,52.7,48.5583333333333
"92","GUM",26495.8775773033,31019.3508074991,NA,NA,NA,NA,NA,NA,93.631,94.088,NA,NA
"93","GUY",1105.49645364882,3136.38204152241,"Guyana",0.433649636777273,0.400979678186949,0.301606445443439,0.347486447683423,0.468058024323857,27.822,26.9656666666667,35,35
"94","HIC",33172.2005521256,39025.4840307987,NA,NA,NA,NA,NA,NA,NA,NA,NA,NA
"95","HKG",26649.750801707,34748.8673424197,NA,0.844684896503056,0.832690686703111,0.840870991998614,NA,0.843930778370331,100,100,47.5,49.3875
"96","HND",1296.69595922206,1908.0722869937,"Honduras",0.399741989053912,0.367648120933428,0.243622075533327,0.270113489049325,0.415541306217213,48.585,51.8783333333333,59.5,52.9646666666667
"97","HPC",467.811685502802,776.088127787749,NA,NA,NA,NA,NA,NA,NA,NA,NA,NA
"98","HRV",10530.2199096308,13347.9983974027,"Croatia",0.612314162485623,0.597956983961344,0.469571862288332,0.4751454438826,0.627330898733031,54.315,55.2083333333333,33.71,31.4188235294118
"99","HTI",468.757269552512,693.894907020138,"Haiti",0.232159165645487,0.232711791090718,0.114147123330187,0.1596342939275,0.291085558888938,42.638,47.5246666666667,60.79,50.945
"100","HUN",11200.5769496264,13262.946188311,"Hungary",0.733826855391068,0.661211522811316,0.581524392334742,0.549464980350615,0.711944873797647,66.365,68.592,30.6,29.543275862069
"101","IBD",2279.13651134151,4519.80206165011,NA,NA,NA,NA,NA,NA,NA,NA,NA,NA
"102","IBT",1909.04944011237,3699.83525025692,NA,NA,NA,NA,NA,NA,NA,NA,NA,NA
"103","IDA",629.819577516892,1093.41898586355,NA,NA,NA,NA,NA,NA,NA,NA,NA,NA
"104","IDB",917.101833986843,1587.31025049786,NA,NA,NA,NA,NA,NA,NA,NA,NA,NA
"105","IDN",1263.28732054575,2800.91882647374,"Indonesia",0.383012868516431,0.40592438503095,0.228297516277749,0.301701483412445,0.442646600814816,45.942,49.723,36,36.5934
"106","IDX",481.587631029647,838.099064072432,NA,NA,NA,NA,NA,NA,NA,NA,NA,NA
"107","IMN",37761.0360500591,68623.2874213261,NA,NA,NA,NA,NA,NA,51.905,52.048,NA,NA
"108","IND",714.861013495661,1272.63634328466,"India",0.49840514934251,0.482750246209771,0.347552867240126,0.293832607297127,0.50579416201063,29.235,30.9806666666667,50.5,38.2030769230769
"109","INX",NA,NA,NA,NA,NA,NA,NA,NA,NA,NA,NA,NA
"110","IRL",50878.2236116364,55139.1089810084,"Ireland",0.870303285346606,0.857309262852019,0.797982871381275,0.690459826098164,0.864247020731872,60.477,61.519,31.9,36.175873015873
"111","IRN",3246.05102938326,5618.57120598747,"Iran, Islamic Republic of",0.349980623332267,0.378958576321585,0.319439096589883,0.33452718267533,0.330443740747744,67.558,70.514,43.56,40.8485714285714
"112","IRQ",1855.52200375202,4758.57739797499,"Iraq",0.177870766655804,0.172622564786008,0.114019580776804,0.236669658475751,0.227414401122534,68.766,69.2633333333333,35.1,32.485
"113","ISL",56658.5926679623,52864.7400542104,"Iceland",0.924768884891602,0.905690137727107,0.96351332311381,0.759210586044131,0.892500221232884,93.037,93.437,25.1,29.4103278688525
"114","ISR",20566.6454898642,30714.3875683401,"Israel",0.648720936753189,0.716577920881683,0.622173154759838,0.575820098021414,0.679674270800123,91.518,91.841,41.9,40.2935483870968
"115","ITA",32043.1403684119,35259.7503572649,"Italy",0.681710491571106,0.618515724199656,0.525326985091864,0.555710587956571,0.67119498516176,67.738,68.5433333333333,32.7,35.5184848484848
"116","JAM",4089.19844248346,4739.77644240525,"Jamaica",0.520014491992912,0.4807668836556,0.360098423450949,0.35791651905805,0.550252394413693,52.811,53.7956666666667,38.1,37.6986363636364
"117","JOR",2214.01781725196,3508.49068990889,"Jordan",0.536918982867964,0.509951561450025,0.489897095249944,0.380904879318362,0.54213938111832,79.485,85.2763333333333,35.8,34.59875
"118","JPN",37217.648727917,40104.2197681109,"Japan",0.786922497403523,0.766808352079585,0.71155380570274,0.678064601603574,0.80493007893072,85.978,89.3903333333333,32.9,36.8546153846154
"119","KAZ",3771.27895733845,9127.31279794107,"Kazakhstan",0.399748467389626,0.378257344118317,0.196970158229698,0.398887368469067,0.422697709823015,56.463,56.827,42,30.2936842105263
"120","KEN",511.61642223943,1013.68629386062,"Kenya",0.384450794367529,0.361372160620736,0.201053951544161,0.272437262483517,0.400288157896393,21.675,23.6346666666667,45.9,43.166
"121","KGZ",476.552129968975,963.741792549568,"Kyrgyzstan",0.311737579914498,0.325506706597015,0.141822978189509,0.304802202977199,0.371595801102004,35.29,35.4576666666667,39.3,33.40125
"122","KHM",474.111227790099,857.260091073192,"Cambodia",0.340586863709443,0.300907993115827,0.151881172982652,0.283929640794138,0.372461225401523,19.174,20.552,41.14,34.465
"123","KIR",1214.55666670492,1501.98526171288,NA,NA,NA,NA,NA,NA,43.551,47.52,36.97,36.97
"124","KNA",12329.6610095808,15918.1658230534,NA,NA,NA,NA,NA,NA,32.028,31.3923333333333,40,40
"125","KOR",19402.5026259549,24485.8609327346,"Korea, Republic of",0.702357887985224,0.705744787953532,0.574502600527271,0.678147950460177,0.707011472760817,81.345,81.6383333333333,32,31.05625
"126","KWT",35591.0057787851,42281.0514868632,"Kuwait",0.585165739207292,0.539714579527939,0.547671763166722,0.454609327969954,0.56465010326667,100,100,NA,NA
"127","LAC",4884.09190256035,8086.28782306046,NA,NA,NA,NA,NA,NA,NA,NA,NA,NA
"128","LAO",475.610713513113,1332.7862015957,"Lao People's Democratic Republic",0.275931831479727,0.258439378313537,0.130507327020206,0.243077523058635,0.347926264444513,27.186,30.1193333333333,35.36,35.875
"129","LBN",4575.10551159354,6846.25004461003,"Lebanon",0.449234069600355,0.466026934965794,0.308384829349053,0.337691870246803,0.418154962650737,86.627,87.3556666666667,31.83,31.83
"130","LBR",294.893036795442,551.113097171163,"Liberia",0.281664661986717,0.216570887702637,0.153197454995778,0.231283812516685,0.348049841587947,46.051,47.8946666666667,36.48,34.9966666666667
"131","LBY",8163.01077781973,9108.78800959758,"Libyan Arab Jamahiriya",0.317932156210363,0.291865847105672,0.208876662229512,0.304374828844368,0.249130141386012,77.08,78.134,30.2,30.2
"132","LCA",6948.82145404429,8789.27618282037,"Saint Lucia",0.762587584148268,0.705052516990463,0.688706049198784,0.498822489761961,0.71121476298228,23.085,20.0166666666667,42,46.615
"133","LCN",5141.97423543153,8417.7527842511,NA,NA,NA,NA,NA,NA,NA,NA,NA,NA
"134","LDC",458.647317627015,813.492708550073,NA,NA,NA,NA,NA,NA,NA,NA,NA,NA
"135","LIC",423.565553963488,708.76638181559,NA,NA,NA,NA,NA,NA,NA,NA,NA,NA
"136","LIE",105414.442020548,146082.536379503,NA,NA,NA,NA,NA,NA,14.739,14.502,NA,NA
"137","LKA",1248.69818517034,2746.10398711269,"Sri Lanka",0.458913519722047,0.44051743995581,0.352392663407234,0.345027373587453,0.469249465325702,18.303,18.2616666666667,49,42.1341666666667
"138","LMC",859.901257037499,1525.01891907849,NA,NA,NA,NA,NA,NA,NA,NA,NA,NA
"139","LMY",1819.75884065936,3571.86741009294,NA,NA,NA,NA,NA,NA,NA,NA,NA,NA
"140","LSO",842.813053188004,1058.29775185193,"Lesotho",0.498026673761669,0.476547021700898,0.435706318217544,0.288494190677519,0.506189822237107,22.249,24.6516666666667,54.18,54.18
"141","LTE",2915.18450419842,6403.09752216031,NA,NA,NA,NA,NA,NA,NA,NA,NA,NA
"142","LTU",7863.16200865166,13195.865303202,"Lithuania",0.692796725853889,0.662738256215899,0.506318508100518,0.547226824946188,0.712284270033804,66.635,66.874,36.3,38.2348484848485
"143","LUX",80289.696409954,104926.659145915,"Luxembourg",0.886892953485467,0.865753734157279,0.812522117999887,0.561455067015042,0.916389814129277,86.598,88.4413333333333,26.5,32.8812121212121
"144","LVA",7552.87389420335,13129.8515832553,"Latvia",0.680914656910549,0.619870678269116,0.518203890097335,0.569565241834254,0.689322729065789,68,67.9403333333333,36.2,38.8408333333333
"145","MAC",25043.0189453563,58366.437650044,NA,NA,NA,NA,NA,NA,100,100,NA,NA
"146","MAF",NA,NA,NA,NA,NA,NA,NA,NA,NA,NA,NA,NA
"147","MAR",2018.02574307829,2777.95609060594,"Morocco",0.449846169045465,0.447279817356586,0.359745332250275,0.338366527766412,0.476831718878905,55.174,58.0003333333333,41,39.054
"148","MCO",124193.605575991,162422.680376953,NA,NA,NA,NA,NA,NA,100,100,NA,NA
"149","MDA",1034.70705816743,2370.77045315199,"Moldova, Republic of",0.422013067017469,0.351720577520039,0.276631349487038,0.389152349426186,0.473382254324583,42.775,42.6283333333333,37.7,32.88625
"150","MDG",319.537440228976,469.777596382098,"Madagascar",0.495924366159741,0.432278919534902,0.41381706747688,0.280693057694479,0.43189479991726,28.814,31.9816666666667,39.94,41.062
"151","MDV",3639.9665762434,6964.92991789756,"Maldives",0.530841142672178,0.545350041563663,0.329119671183098,0.430212210013712,0.493301273535736,33.75,36.2376666666667,37,37.3425
"152","MEA",4410.60121428951,7083.6645042907,NA,NA,NA,NA,NA,NA,NA,NA,NA,NA
"153","MEX",8277.67125149603,9559.83370139043,"Mexico",0.516434063398832,0.518079594644908,0.368244317954519,0.35891065329292,0.514004045116056,76.308,77.8026666666667,50.1,47.4465517241379
"154","MHL",2568.36114227804,2978.84846500988,NA,NA,NA,NA,NA,NA,71.138,73.5056666666667,NA,NA
"155","MIC",1951.82352469519,3869.66662874452,NA,NA,NA,NA,NA,NA,NA,NA,NA,NA
"156","MKD",3037.75311030445,4557.53841427852,"Macedonia",0.448048039164814,0.437351405903389,0.327255508453527,0.354732641190726,0.514484776630481,57.532,57.343,30.9,37.1026086956522
"157","MLI",489.021068995931,709.46879133962,"Mali",0.484516320703573,0.360600814898078,0.316034895994296,0.287580568655457,0.444457751914249,32.06,36.0166666666667,38.93,35.985
"158","MLT",15857.6031575306,21614.4218323127,"Malta",0.776046697980442,0.671598849197291,0.620639031054661,0.486095844524301,0.795800168674638,93.645,94.0436666666667,27,28.2959090909091
"159","MMR",244.88234994012,883.965560724452,NA,NA,NA,NA,NA,NA,27.946,28.8963333333333,NA,38.07
"160","MNA",2293.03278719557,3863.38150343996,NA,NA,NA,NA,NA,NA,NA,NA,NA,NA
"161","MNE",3674.6179242797,6407.29228964147,NA,NA,NA,NA,NA,NA,62.465,64.137,30.22,30.956
"162","MNG",998.831364810828,2889.3969800382,"Mongolia",0.506179005482319,0.427635099366209,0.289887985656326,0.410121797460194,0.522739413366479,62.494,66.097,35.82,33.4866666666667
"163","MNP",18764.8119981607,16335.07325846,NA,NA,NA,NA,NA,NA,90.558,90.9546666666667,NA,NA
"164","MOZ",415.348291028051,541.233576077853,"Mozambique",0.456483066072944,0.3975252110366,0.307979561649268,0.264288785293855,0.461614245558543,29.999,32.0763333333333,42,46.315
"165","MRT",970.843644819879,1541.48701014018,"Mauritania",0.42282544535246,0.44476424323042,0.301586360650996,0.279998762857361,0.360851680819187,42.111,46.596,38,35.4366666666667
"166","MUS",5282.90602155635,8176.94640513986,"Mauritius",0.687909689751159,0.628046178980534,0.503360912510095,0.503284152919617,0.70853606819299,42.112,41.5556666666667,38.8,37.64
"167","MWI",289.555168920514,381.420989398544,"Malawi",0.443735958369033,0.339083470544998,0.267076085040385,0.31274575718039,0.470062503352931,15.054,15.637,39.87,42.26875
"168","MYS",5587.02564962339,8927.1879441538,"Malaysia",0.632163140471438,0.726541122318819,0.475667383857696,0.501970168876011,0.614969311191254,66.594,70.573,46.05,41.4145454545455
"169","NAC",43349.0055952823,50100.8130481547,NA,NA,NA,NA,NA,NA,NA,NA,NA,NA
"170","NAM",3674.00220069668,4801.02091274876,"Namibia",0.579566504980724,0.508666919844944,0.476230417464746,0.4018206736886,0.609754974315177,36.632,41.716,59.7,58.935
"171","NCL",NA,NA,NA,NA,NA,NA,NA,NA,63.965,66.8153333333333,NA,NA
"172","NER",321.089836161904,464.514268025107,"Niger",0.416647855242487,0.347062284766532,0.265244879504434,0.24756582450882,0.402904690428053,16.242,16.2366666666667,44.43,36.865
"173","NGA",1268.38344331693,2302.45952113613,"Nigeria",0.299941541839774,0.322586591287802,0.1636411349298,0.229132550744838,0.313944150085446,39.074,43.464,44.7,44.894
"174","NIC",1162.29011254959,1623.64801630195,"Nicaragua",0.427608722893336,0.33802728107096,0.290431291656024,0.308325921811478,0.427486505301581,55.935,56.9156666666667,48.8,46.0776923076923
"175","NLD",41979.0558457881,50009.5052674898,"Netherlands",0.895311986774139,0.899437156508024,0.884892103725671,0.655657081168872,0.906883717048263,82.63,86.6456666666667,26.9,31.2498305084746
"176","NOR",66810.478520868,86465.5315012707,"Norway",0.902547215096562,0.883454014601656,0.893990267420631,0.798802983136528,0.915091975614668,77.675,79.2893333333333,28.2,28.6549152542373
"177","NPL",315.805629997361,585.174522217635,"Nepal",0.319390764228251,0.330813797991382,0.259368813828976,0.306099870693151,0.36981645344359,15.149,16.8246666666667,32.84,32.84
"178","NRU",NA,7615.63640931144,NA,NA,NA,NA,NA,NA,100,100,NA,NA
"179","NZL",27751.0654708859,35398.9842179995,"New Zealand",0.906939134687261,0.859506306724408,0.938105428729815,0.789705542272989,0.923414690904733,86.341,86.2806666666667,32.1,36.3652173913043
"180","OED",30183.4630980604,35208.0510265842,NA,NA,NA,NA,NA,NA,NA,NA,NA,NA
"181","OMN",12377.06807379,17907.1889082989,"Oman",0.585002667801737,0.570583378192081,0.521669464708135,0.442694239960454,0.570202305150282,72.4,76.3036666666667,NA,30.7
"182","OSS",8000.60110860808,12580.8864655969,NA,NA,NA,NA,NA,NA,NA,NA,NA,NA
"183","PAK",748.922584598993,1081.53381883533,"Pakistan",0.332328761320337,0.412029675553145,0.187977006951591,0.291970471830057,0.327276208092744,33.982,35.0016666666667,32.51,31.54
"184","PAN",4916.91499382773,9332.03656736082,"Panama",0.540984812497793,0.518314610444824,0.349831776812291,0.397478839612299,0.572858307063656,63.682,65.1726666666667,53.6,51.376
"185","PER",2729.49868238345,5104.26767929282,"Peru",0.448389068759204,0.37955970698515,0.354656440695625,0.366840392876727,0.493364681604961,75.034,76.2736666666667,50.4,46.1161764705882
"186","PHL",1244.34904099492,2300.57006158821,"Philippines",0.455123333865693,0.495883565945221,0.288661343363237,0.30394032650676,0.463653606317337,45.71,45.7753333333333,47.2,44.0111111111111
"187","PLW",9325.55482533745,11844.4338566569,NA,NA,NA,NA,NA,NA,71.152,74.7093333333333,51,47
"188","PNG",749.186396205756,2057.83059919304,"Papua New Guinea",0.352453962063371,0.326143015281982,0.169887697710191,0.285343831074512,0.408565449427467,13.109,13.0466666666667,41.85,41.85
"189","POL",8020.96316435897,12217.9762973873,"Poland",0.657627867985184,0.60153208225851,0.492227679888303,0.491117583372021,0.707600567884071,61.452,60.874,35.6,34.0549425287356
"190","PRE",780.25013039314,1396.66920043865,NA,NA,NA,NA,NA,NA,NA,NA,NA,NA
"191","PRI",21959.322696986,26564.3205980328,NA,0.732848305931034,0.713205244753176,0.725301035594978,NA,0.692077127793233,94.112,93.8536666666667,NA,NA
"192","PRK",NA,NA,NA,NA,NA,NA,NA,NA,59.805,60.4863333333333,NA,NA
"193","PRT",18773.1253616354,21539.8343919839,"Portugal",0.790563600203365,0.719154998945993,0.677324675972675,0.51543629436486,0.770531744420233,57.522,60.5343333333333,38.1,39.5263157894737
"194","PRY",1843.63379108317,4364.63133437475,"Paraguay",0.358617219881272,0.342208117976583,0.126183491586478,0.287362730315137,0.395747318112469,57.633,59.2146666666667,51.2,50.2703571428571
"195","PSE",1455.18787518115,2361.07540884393,NA,NA,NA,NA,NA,NA,73.061,74.1926666666667,38.1,36.6983333333333
"196","PSS",2551.17555616796,3240.62388524169,NA,NA,NA,NA,NA,NA,NA,NA,NA,NA
"197","PST",34054.5729781256,39878.0745263702,NA,NA,NA,NA,NA,NA,NA,NA,NA,NA
"198","PYF",NA,NA,NA,NA,NA,NA,NA,NA,57.417,59.8056666666667,NA,NA
"199","QAT",51455.5941945775,69978.0684140719,NA,NA,NA,NA,NA,NA,97.396,98.2806666666667,39,31.8
"200","ROU",4617.92901643258,8474.62507492693,NA,0.5799371,0.493098832130441,0.3966566,0.4497458,0.58122375,53.174,53.63,39.5,34.3855263157895
"201","RUS",5323.46308263384,10836.5127929571,"Russian Federation",0.383997196143138,0.402391188716879,0.240966857729551,0.4167035702635,0.390872540826139,73.463,73.7333333333333,44.5,38.4657142857143
"202","RWA",291.996686244083,601.460912423607,"Rwanda",0.336229713830773,0.319708214258378,0.288279278956501,0.231354883720488,0.441664709111228,16.912,16.95,52.04,48.3425
"203","SAS",691.692614432554,1207.143054685,NA,NA,NA,NA,NA,NA,NA,NA,NA,NA
"204","SAU",13791.4462936446,19995.9830151688,"Saudi Arabia",0.453310354785099,0.427967174552736,0.408239373276445,0.386194454268726,0.46917262442683,80.979,82.081,51.3,48.6
"205","SDN",689.209556966579,1330.38607242152,"Sudan",0.19835962485518,0.220211600709837,0.114409379614557,0.233715368158715,0.214045418157131,32.76,33.2476666666667,54.7,45.05
"206","SEN",993.932041095639,1269.33170185488,"Senegal",0.514729158968819,0.457777288783205,0.419117072592869,0.282169116755558,0.495557758804101,41.714,43.783,39.22,39.1033333333333
"207","SGP",29961.2632774569,47148.0650096142,"Singapore",0.847657018301161,0.902641618395615,0.92997424750443,0.734795432240124,0.865814166940603,100,100,NA,47.25
"208","SLB",880.812991375656,1504.05054549445,"Solomon Islands",0.449881425919565,0.36823661612705,0.440414021585135,0.389339548216365,0.452688356478313,17.832,20.08,46.1,41.575
"209","SLE",292.349325247085,476.12698048626,"Sierra Leone",0.336271808045775,0.231331129539226,0.184870265978703,0.259186554355453,0.377207216574704,36.919,38.868,34.03,34.03
"210","SLV",2428.56951188864,3160.52014761758,"El Salvador",0.479736209029789,0.426573374295215,0.325885923434463,0.319182148467251,0.507611200258445,61.648,65.6,48.4,43.5922916666667
"211","SMR",60900.5432888271,58300.6492857122,NA,NA,NA,NA,NA,NA,94.453,95.644,28.1,28.84
"212","SOM",NA,NA,"Somalia",0.0928649232395962,0.0712021584972007,0.0427286786877218,0.0821233211415681,0.0698905453232751,36.311,39.622,NA,NA
"213","SRB",3720.47915467431,5873.24035209561,"Serbia",0.424809126801438,0.436856791523865,0.335628270441648,0.339976405956482,0.511756725372457,53.883,54.8573333333333,39.3,33.44925
"214","SSA",1006.80301539065,1522.80687587362,NA,NA,NA,NA,NA,NA,NA,NA,NA,NA
"215","SSD",NA,1432.64591628141,NA,NA,NA,NA,NA,0.214573376646002,17.154,17.9553333333333,46.34,46.34
"216","SSF",1014.83239214841,1533.2278896692,NA,NA,NA,NA,NA,NA,NA,NA,NA,NA
"217","SST",7485.46302150003,11350.3935189359,NA,NA,NA,NA,NA,NA,NA,NA,NA,NA
"218","STP",866.504995638803,1264.8355695122,"Sao Tome and Principe",0.464992781934127,0.365414965324487,0.306958465638355,0.290318105620345,0.493437220437544,59.165,64.7636666666667,30.82,30.82
"219","SUR",3590.62661631518,7289.0604387526,"Suriname",0.533513282970377,0.49316317473167,0.482094438446788,0.322995982488506,0.536896062438022,66.682,66.3606666666667,45,45
"220","SVK",11685.7548224391,16532.3957182495,"Slovakia",0.710156402110949,0.692842178469489,0.544093537873269,0.523759987222746,0.702577955758746,55.563,54.7123333333333,26.2,28.6919480519481
"221","SVN",18098.9087305,22933.3947106483,"Slovenia",0.74198326668745,0.685851562282487,0.640433528184212,0.6042873727209,0.750595452099179,51.533,52.6573333333333,23.8,28.7545945945946
"222","SWE",43437.0631164776,53595.8960671427,"Sweden",0.899659410566647,0.889303752137965,0.896886818705157,0.734333903257673,0.920403525086617,84.319,85.3093333333333,26,29.5633333333333
"223","SWZ",3083.82623244748,3725.84147647073,"Swaziland",0.360221481481236,0.289824018219135,0.321468457424197,0.297847262381652,0.406308494562838,22.038,22.606,51.45,51.45
"224","SXM",NA,NA,NA,NA,NA,NA,NA,NA,100,100,NA,NA
"225","SYC",11092.5107357824,12530.9992764631,NA,NA,NA,NA,NA,NA,51.67,53.4686666666667,39.9,43.1633333333333
"226","SYR",1571.73840701932,1784.42252548366,"Syrian Arab Republic",0.335268238414251,0.272356002449681,0.235246772035902,0.27949716123347,0.290940736859878,53.782,53.85,34.2,34.2
"227","TCA",20533.9162526615,23295.5277058938,NA,NA,NA,NA,NA,NA,87.745,90.056,NA,NA
"228","TCD",658.304957827585,850.578783718774,"Chad",0.237461052450161,0.222669963562312,0.0834258259548052,0.176239256108264,0.252299844609444,21.801,22.1003333333333,43.32,43.32
"229","TEA",1658.63931634775,4384.3590330928,NA,NA,NA,NA,NA,NA,NA,NA,NA,NA
"230","TEC",4678.61740062674,8270.24839900314,NA,NA,NA,NA,NA,NA,NA,NA,NA,NA
"231","TGO",406.400950539125,539.124335397117,"Togo",0.293556643568052,0.210845322155009,0.229081881000435,0.245191973910402,0.34540799439741,35.185,37.606,42.21,43.7633333333333
"232","THA",2894.06265596401,4934.39637801912,"Thailand",0.528646628695394,0.58483755854394,0.386778339806993,0.4573364200792,0.504173569487258,37.411,42.987,41.82,38.1233333333333
"233","TJK",340.583032738899,759.858099824055,"Tajikistan",0.280322291294786,0.270027025839318,0.161121413916635,0.213888549563309,0.305711462244968,26.51,26.5906666666667,32.19,32.32
"234","TKM",1704.41753105704,4936.27287686528,"Turkmenistan",0.226877288038667,0.177091956051265,0.0931684889334167,0.223534722586614,0.254195753252428,47.052,48.62,NA,NA
"235","TLA",5010.23720114952,8308.64518777735,NA,NA,NA,NA,NA,NA,NA,NA,NA,NA
"236","TLS",464.519637518525,885.674337916681,NA,NA,NA,NA,NA,NA,26.041,27.7543333333333,27.82,28.235
"237","TMN",2302.38050209337,3880.64121788117,NA,NA,NA,NA,NA,NA,NA,NA,NA,NA
"238","TON",2598.24720009345,3683.68620321495,"Tonga",0.487538278008348,0.392789238033143,0.124362864224385,0.365944032844705,0.513917341509379,23.155,23.273,37.5,37.545
"239","TSA",691.692614432554,1207.143054685,NA,NA,NA,NA,NA,NA,NA,NA,NA,NA
"240","TSS",1014.83239214841,1533.2278896692,NA,NA,NA,NA,NA,NA,NA,NA,NA,NA
"241","TTO",12327.2331723195,17370.3292470084,"Trinidad and Tobago",0.584283723297527,0.539358549091056,0.434351879220142,0.392526365191634,0.590102123845437,54.967,54.1036666666667,NA,NA
"242","TUN",3193.20656949373,3951.81131882326,"Tunisia",0.498391364503607,0.581904898711066,0.371267608125972,0.384949240841254,0.509139794131727,65.237,66.65,41.4,37.252
"243","TUR",7384.25162790172,10426.9965730925,"Turkey",0.536457418596268,0.535585300068886,0.423490422809884,0.420874750661852,0.526145507937262,67.84,70.7586666666667,42.61,40.4297333333333
"244","TUV",2183.90988927071,3008.86551721089,NA,NA,NA,NA,NA,NA,49.699,54.7416666666667,39.14,39.14
"245","TZA",492.63137929182,768.433501917203,"Tanzania, United Republic of",0.439357173405578,0.420523118399058,0.293025087361978,0.310128741732186,0.460296394639171,24.845,28.192,35,36.212
"246","UGA",325.590373610891,669.015293941824,"Uganda",0.386972455751658,0.390900732449817,0.240884540303886,0.277233691593757,0.418406357589815,16.96,19.4676666666667,40.8,41.4722222222222
"247","UKR",1826.93139114817,2955.0510838606,"Ukraine",0.420550716472884,0.374067946136131,0.26432221546196,0.328434284387488,0.423308285575838,67.79,68.4823333333333,29.02,27.0715384615385
"248","UMC",2953.43958204938,6135.2497683698,NA,NA,NA,NA,NA,NA,NA,NA,NA,NA
"249","URY",5226.93780572011,11907.595618845,"Uruguay",0.685065732416299,0.60505706915497,0.678402001159698,0.405871267088227,0.716943633418817,93.319,94.2593333333333,44.7,42.2008695652174
"250","USA",44114.7477776705,50562.6961704692,"United States",0.80752073425921,0.81673381008263,0.786964672965726,0.721307258864236,0.817731549967835,79.928,80.7903333333333,45.03,41.8169512195122
"251","UZB",546.776850185552,1665.10182549184,"Uzbekistan",0.205684078088833,0.258648263731215,0.147906582140921,0.214137697529234,0.265757239506109,48.537,50.081,39.7,39.7
"252","VCT",5070.51270247543,6324.77175215565,"Saint Vincent and the Grenadines",0.754886876259362,0.696418525762244,0.655824468915226,0.591346590610514,0.715327779134319,47.032,48.9856666666667,40,40
"253","VEN",5504.97682392969,11026.8081786191,"Venezuela, Bolivarian Republic o",0.318417447489223,0.314883429180204,0.193554342249699,0.222984200556599,0.298333046799553,87.954,88.0636666666667,47.4,40.8526315789474
"254","VGB",NA,NA,NA,NA,NA,NA,NA,NA,43.21,44.869,NA,NA
"255","VIR",40929.7951205119,38413.3403569279,NA,NA,NA,NA,NA,NA,93.664,94.536,NA,NA
"256","VNM",687.479735592231,1459.7689497985,"Viet Nam",0.427167943636074,0.456478697155482,0.263770666729385,0.352936257704236,0.436524302924558,27.281,30.5023333333333,42.4,36.7394186046512
"257","VUT",1887.22657627559,2746.62020534015,"Vanuatu",0.613823935790681,0.445762093696884,0.485062546956102,0.363933460572236,0.588288695563956,23.099,24.174,37.63,37.63
"258","WLD",7297.15339863896,9580.46232493249,NA,NA,NA,NA,NA,NA,NA,NA,NA,NA
"259","WSM",2590.41779087481,3562.3350812705,"Samoa",0.655942628079576,0.598049124669938,0.472587830165413,0.409106680096274,0.636617274899845,21.218,20.07,42.05,40.39
"260","XKX",2147.46427105376,3292.91290737101,NA,NA,NA,NA,NA,NA,NA,NA,31.24,29.014
"261","YEM",832.844488626279,1248.52502078169,"Yemen",0.310752332712873,0.319116263106087,0.226650989171906,0.282737045218906,0.259762567332063,28.936,31.8296666666667,34.73,35.72
"262","ZAF",5383.65654250984,6317.96561111456,"South Africa",0.629044270735734,0.634900084718279,0.561646835933568,0.419753043625992,0.611533081457664,59.536,62.194,64.76,67.036
"263","ZMB",702.740940632375,1384.55322353194,"Zambia",0.424384355945477,0.313947482815518,0.29431262971314,0.305116492617975,0.479264276490569,36.911,39.391,54.29,55.4175
"264","ZWE",476.555323602915,967.166664918162,"Zimbabwe",0.192489504121681,0.233285504482172,0.128944532342506,0.200017099110913,0.236464384899398,34.11,33.2303333333333,42.3,40.3625
